id,x,y
1969,-9.709296,-46.364872
686,-35.810814,-61.078175
1160,50.4344,64.930855
1301,43.35546,63.964127
566,61.45689,-6.0337048
960,-34.399967,-77.15203
192,13.854375,-16.468927
78,41.423664,26.050415
1211,-33.20135,-77.16566
781,50.06835,53.957863
1526,1.7625507,48.20983
1303,-14.793873,-48.20498
732,-65.62743,-31.425406
87,-11.726287,62.246307
845,52.93951,-20.67201
169,-46.474854,-63.902218
387,-43.19287,42.220978
718,-53.152374,31.050867
1674,-7.9985948,3.784032
899,-36.724827,-69.17234
1709,0.6749669,-57.51708
801,0.23644379,-57.54083
1931,1.1501592,57.033768
1779,-46.073246,-70.25341
1363,-4.955901,-0.9210167
630,-48.246902,-66.21289
957,-29.703049,33.194332
336,52.132954,54.49269
1517,-43.170612,-58.648594
433,-1.4980218,-41.778877
1684,-47.08057,44.359676
352,41.613014,17.110144
1541,61.352707,-3.1966288
1727,-5.678366,-45.741337
1206,-37.41575,-70.52856
1976,36.784657,-14.256252
1784,-20.11374,-8.670901
30,-17.384878,5.738317
1227,-4.6023293,-40.472622
1985,1.4276068,-60.86157
1580,30.10081,14.136882
477,50.4317,60.55966
945,44.266743,7.99035
1352,-3.0425866,53.60273
997,3.4552467,56.541496
1194,-49.19105,-13.058317
562,-5.546189,61.935734
333,-50.91708,27.08161
1553,-3.2104514,-60.73364
1356,-70.03416,-19.878702
1843,0.48857895,61.61547
1591,-40.28451,25.53123
23,59.944912,-18.855543
1082,33.60366,16.98155
81,40.993732,65.43239
816,57.2237,61.106087
698,-39.146782,-62.9085
753,-14.52763,5.7034564
1286,59.125504,-6.676092
1857,-21.982624,10.097959
754,53.461967,-13.734719
1891,-40.0509,-73.98976
313,2.3544695,47.90506
196,-0.6734281,54.60712
1410,31.30122,-18.61363
696,-15.206794,-1.8456941
824,-15.454167,7.107033
483,12.390784,-27.222124
1895,50.5605,50.034946
1364,35.47408,9.1983595
1111,-12.901232,7.453634
1475,-26.481005,-59.000336
739,-19.50169,-6.431655
1552,-36.065613,-72.214325
1550,-19.962217,0.44756567
1425,-56.804058,-26.330217
687,-8.481986,-48.973648
293,-3.595545,-46.8018
740,-51.048874,32.28683
838,-4.440028,64.735085
720,51.59957,56.12483
381,22.85796,-5.5922475
1823,47.555416,64.33905
1281,-53.2189,33.326733
1783,-58.79527,-14.377025
1875,-65.959,-24.403252
406,53.186512,59.29302
1009,4.0062804,-45.430958
1418,57.8132,58.762997
1092,65.732574,-18.213135
6,-14.565346,0.011942076
372,0.30685166,49.80553
1586,37.408802,18.854849
688,-53.00704,-34.04277
793,-58.546383,-22.936514
1635,-59.224113,-26.706005
860,-47.988235,-33.48939
1655,-55.1696,-28.260336
499,26.859436,-6.440207
1256,-10.83922,41.48487
27,54.436512,-24.611351
456,-5.541494,49.23467
1838,-0.69730717,-60.602695
1216,-13.566909,63.899925
1169,45.038036,53.4441
190,-56.26846,30.25191
1592,5.6249824,-57.783047
1514,51.081387,-7.2518487
84,26.770033,15.717851
1951,33.403454,31.513906
1666,-14.826972,51.479134
268,8.10204,-49.063297
1793,-5.261546,9.08224
1367,-22.688553,-0.21557158
430,22.468012,-11.408802
504,-39.682583,-55.518227
1549,22.996855,-13.791059
1740,-37.35501,33.948647
1612,-24.103045,6.514092
25,-9.783068,-57.31334
1602,-13.760404,-4.0251107
575,-13.028139,4.19176
1570,31.21011,-25.541859
206,-6.447223,53.799534
585,46.742783,55.24911
1516,6.4288464,51.211273
515,-6.62638,-53.850983
625,18.429274,-15.889244
929,-17.030725,3.7559443
890,5.5075483,56.892796
1163,-32.630672,-69.893265
1275,-40.282066,-60.383385
889,59.487297,-14.818833
947,-1.003691,-48.141804
1559,31.578161,-16.801619
415,-28.319132,10.982426
1284,-38.681858,-69.73897
1355,26.56262,-19.10704
402,-53.314415,-17.018385
282,18.752832,-22.685768
251,43.867775,58.7712
795,-8.041927,-41.60945
1057,-32.922504,-63.181023
1751,-43.44004,-65.63914
256,-0.6890444,4.122829
1716,-24.979511,2.7722714
828,-42.798546,-77.85743
22,-27.25735,-73.187904
961,-10.746362,-43.313644
1464,-14.488177,12.37539
1551,-17.118221,7.1939163
324,15.901881,-14.2819605
1588,-17.868105,-5.97966
1064,47.20961,58.064167
716,-3.6389322,54.825375
217,-15.970234,8.668563
1987,54.084427,63.986206
241,-46.47218,24.685331
1083,-3.0770228,-56.601917
278,2.827163,54.5233
806,41.33335,52.113937
371,35.856968,22.741444
1164,72.25877,-13.156915
1027,-52.61686,-19.266706
975,72.28702,-17.570835
1669,30.931154,8.34381
1209,-6.837471,49.765003
714,-45.43592,28.11826
933,47.32381,62.69105
1616,67.80104,-9.318132
614,16.747288,-21.978409
678,-9.220125,-5.051628
1203,43.69036,56.57072
982,-48.487766,-25.290123
1040,24.843498,24.539272
1741,53.66706,60.108044
560,54.850338,-7.0290093
365,59.95038,-25.756783
1444,-61.670914,-28.13201
1072,41.1579,20.95027
1350,54.984913,-11.898497
1518,68.278015,0.30279347
19,-15.216368,46.79748
1536,2.743228,-42.515335
1912,32.205124,14.173595
931,-50.11058,-29.127977
656,2.7101653,-38.70368
746,-3.6696234,-58.574333
1099,-60.901527,-29.191841
1576,-39.007233,40.510803
1688,29.01162,23.733747
339,28.614838,15.470318
1648,-41.770195,-74.14777
780,-54.254528,24.802288
1468,-6.996281,-51.772224
1288,-11.707344,3.9419098
1884,56.019016,-20.504042
116,-12.394935,47.569065
1292,52.457703,-10.299701
1700,-6.288405,47.908943
520,63.228447,-19.094051
1268,-36.141464,-67.9139
603,-9.4809,64.324104
533,-56.10028,28.722086
528,-8.131831,57.59654
682,-13.393151,17.045563
117,-14.253322,53.790623
411,-43.808495,25.958633
445,-45.909805,-68.561844
429,66.78026,-7.331792
1717,20.059534,-15.320282
1726,-7.625928,55.107773
348,-27.685984,-71.64104
1416,59.308197,-13.226167
952,27.8356,14.0179825
113,63.572,-22.886087
666,17.257006,-26.742609
1656,-9.595873,12.073121
29,-0.8856209,52.56135
1563,-9.398944,44.634468
617,-37.947742,-59.326546
254,-39.448223,-75.46048
802,-5.1180887,-56.70916
1521,-44.863194,-77.36541
9,29.846441,-30.703596
1001,-4.496082,-55.687256
1646,-39.155563,28.307537
1978,0.30786628,-41.140755
1785,25.477907,-21.64336
198,-1.6634865,-58.920055
366,9.866286,-24.310858
1293,40.10705,25.19769
853,58.612766,53.16267
1171,7.8197103,-52.318676
840,-47.21343,37.135838
523,31.250776,11.321718
337,-43.011005,-61.200504
970,43.998745,34.796497
1739,-32.139797,-79.053406
745,-10.65092,-5.702817
1315,20.02044,-20.521545
535,22.764503,-23.276297
389,45.568043,67.9096
737,-21.377138,-59.83774
277,22.55467,18.689955
1013,29.98233,-28.82969
1087,29.757214,-19.721495
1158,43.0447,51.020195
490,-27.355194,3.5817525
270,48.488827,65.54377
1371,74.96995,-9.779865
1574,57.965412,-22.277628
1440,17.254232,-29.7743
1326,43.164864,43.413887
1265,-32.37407,-74.50349
401,-35.560265,31.15072
330,-37.953964,24.97204
236,36.727455,21.786827
1603,-20.595919,1.7622173
304,-46.36549,34.875618
810,-35.610508,-74.46323
303,38.176975,29.968485
998,58.94017,62.331608
1886,-5.2744417,5.2750354
1512,-33.686073,-64.73422
64,-39.249233,30.935251
1668,-12.121423,-3.1661668
851,-37.445255,-68.86686
1125,45.055733,49.54887
622,-58.71935,-24.610802
1834,39.079746,16.311188
1573,-48.876003,-24.4502
476,-55.595573,31.843117
1775,68.5662,-17.601107
1023,27.891668,31.142382
427,42.361942,16.685896
317,-9.845086,56.48273
1502,23.622698,12.816172
1487,42.502926,48.644554
648,-55.06666,-26.36084
1529,25.565762,19.587969
201,-65.66008,-22.42503
1236,-51.534805,35.700634
569,30.27755,-13.626245
1308,-40.712574,-73.06694
24,-53.04611,-28.243662
790,56.9475,-5.399055
715,-2.6849468,54.82784
1252,-49.719822,35.949917
987,45.72702,44.324474
46,53.23115,-17.699854
397,-36.44971,35.74317
1822,-44.516907,40.83813
1466,-65.58056,-27.23712
1434,-50.086357,37.20272
1853,-51.1271,29.857414
1008,61.00087,-0.73898476
414,24.906687,-29.176758
852,18.966349,-27.885492
930,68.73121,-2.044776
1149,60.381645,-12.6071005
133,65.06458,-13.945687
1335,65.90371,-5.6911936
1980,16.811102,-17.6816
1168,-56.961716,-29.953655
1437,48.965168,55.364616
344,-1.5335985,-61.666058
1401,34.251812,-17.843063
1200,-26.589579,-8.230159
207,-20.794111,-1.5353562
942,-2.430548,47.530544
1496,70.22882,-19.898928
1933,22.876646,-17.53968
418,58.681477,-15.43326
981,-36.030388,-69.51207
1028,39.805332,68.55313
1525,-8.648933,47.59533
1052,56.04557,-3.3105795
1494,57.47352,-11.007988
338,-27.20798,-70.84808
1962,-26.710232,8.289435
583,12.967247,-18.23036
707,-26.084045,-0.57598513
42,-32.324894,-67.40169
140,-36.881855,-79.203255
1568,-28.011524,0.18052886
60,-13.29679,10.996961
417,-55.702023,-30.923573
1079,27.728525,-32.26127
679,-13.362755,52.41557
395,62.366264,-12.785475
258,33.438915,-19.335592
579,54.719414,63.02151
1982,-18.578213,11.644694
1556,-8.508805,9.503536
721,66.51647,-16.540375
1181,-23.082066,5.8902454
815,-3.2148101,-49.167225
985,-10.776308,8.323305
1053,35.091793,-20.825167
1800,-26.919382,-64.17493
1108,-30.091225,-57.06135
285,-50.59308,-17.13519
1759,-16.572481,8.520942
966,24.948845,-7.567001
726,-7.8928313,-54.338528
281,-30.964653,-69.40472
378,-20.681288,3.276143
1790,63.913765,-12.879424
497,23.510227,-20.967203
82,48.07492,61.214054
1780,11.632523,-49.085728
1582,-1.2277087,-58.98107
885,-15.182972,0.26665947
570,-7.3894815,-42.877773
1183,55.32415,54.538128
770,-16.005974,11.572536
626,-2.320965,-51.06099
103,-9.534329,-2.6738248
1291,-10.111079,6.2709723
1325,-17.031225,-8.759518
658,-24.377039,-4.192151
146,-21.210457,-5.598825
1952,-7.7157655,51.207115
783,56.04517,55.872303
1241,-6.538185,0.26781288
662,11.946825,-52.687325
1314,-25.838821,-5.895966
1152,-7.5004644,12.480514
1124,-33.430744,-56.7728
553,27.910286,-26.091925
104,0.9700203,-49.047234
1917,5.7206407,-56.32502
1699,30.68635,-21.693176
134,69.08455,-11.405096
12,-9.522281,-54.646496
954,-39.331577,-71.62327
1564,-13.382572,5.9887815
1802,-8.113734,-51.83912
85,54.682693,58.35485
1679,52.859497,53.410423
501,29.954575,29.064157
1810,-37.987926,23.657705
1457,52.605625,64.03818
1708,-12.120408,5.7064905
738,40.32466,49.868607
148,-4.5830064,-43.218845
1773,27.331875,24.032095
1347,-41.559116,35.24629
1905,-2.9307306,-54.240437
478,0.35541034,-62.815727
808,26.663795,-23.224285
1658,-59.309628,-18.741844
1259,37.743587,58.96556
1022,-44.396572,31.689142
1562,22.194115,-30.70373
212,31.778082,16.025358
1176,53.91588,52.38663
164,-31.175629,-62.289196
1878,-50.756523,22.912184
1024,33.05227,14.744428
539,-6.2151413,-2.3305473
938,-41.674446,27.0727
1628,18.6105,22.11472
509,-59.170372,-14.539208
1999,66.20196,1.1404674
1939,37.32962,25.71307
400,41.624702,57.247528
1827,-46.567177,32.185238
147,42.373436,13.309812
1195,-47.850178,31.403103
100,56.31505,58.122353
1631,53.965794,46.32137
1545,58.733467,57.55012
1271,36.0025,28.267193
272,-66.611595,-20.756088
1860,44.060616,18.96743
936,41.856644,10.195058
1848,53.1574,50.157574
904,-50.79432,-19.751045
825,29.514833,10.966989
173,28.521797,-24.100864
1399,-3.5259442,57.55344
50,56.31003,-17.90509
450,-39.611538,41.518845
1389,-63.246536,-28.715113
791,-14.465985,56.33382
856,63.91627,-17.287556
1088,-3.5520892,49.47234
969,-44.79982,34.788845
749,39.736603,56.05416
1928,33.843643,53.689533
1689,34.533634,17.009037
1481,-50.293484,33.940174
1302,58.557903,-10.372092
274,46.290493,64.37944
183,-1.8286747,-38.117275
552,55.918034,-18.950584
1405,26.359737,-28.975239
229,19.884642,-18.021692
534,-37.054153,-75.88177
54,-37.453327,28.1006
1956,55.45581,-16.10239
766,-51.237186,-29.554413
1720,46.472065,67.06787
90,-41.711586,32.439255
1707,69.40242,-12.645925
275,67.31734,-8.096516
351,28.021906,-17.603695
527,52.92325,-4.341305
1892,-61.591957,-22.779346
704,-5.068789,61.488884
1492,74.93058,-16.443443
1011,27.407763,20.767467
677,66.69431,-12.146639
1874,-15.209075,53.590195
1501,-7.7460155,58.8987
612,-29.497732,-68.96583
1328,62.472622,-11.225866
618,-30.38609,-72.31726
69,3.7013466,-39.760715
1404,-44.089294,37.454865
185,-32.56207,35.30841
1161,61.837494,-14.348733
1906,58.96572,65.0665
1686,-51.778645,-25.500624
943,-45.50433,-18.67201
1610,-37.030922,39.857597
115,-47.90415,21.971989
448,-64.04776,-23.483923
1476,29.674425,-12.835055
1162,48.551804,-9.881838
1534,63.17623,-15.886927
1047,-60.651413,-17.324825
79,-41.16473,40.56888
764,61.14617,-16.598026
1105,-69.26416,-25.356695
1644,53.980145,-1.8866831
142,31.468088,-12.538604
847,-1.6652509,60.005505
1641,64.91079,-4.8248205
1136,15.120252,-20.851116
1767,-34.156704,-66.05696
1309,40.12552,13.847682
1909,-3.043973,-45.147015
991,-36.532482,-58.588284
701,-2.2846775,57.87366
1374,59.925392,-11.8063965
973,-50.198887,19.809015
428,68.313095,-3.5295122
1408,-45.746185,36.50446
310,54.70574,48.982315
1138,71.008125,-13.623415
1695,-44.6191,39.01691
1379,1.1571714,42.130005
343,-41.254967,-65.67827
96,-17.484276,1.3612081
1877,-53.944996,26.111774
486,63.406097,-8.576409
776,-26.989492,-65.80157
1333,-54.94356,-14.460637
1107,-64.1335,-32.57356
420,-15.349089,2.3112507
76,-21.515001,-3.1066437
1046,-49.38069,40.906815
1528,26.684887,27.88898
110,-43.65021,27.522776
177,-11.285976,-50.656696
531,26.538036,-24.123957
1122,-0.93049294,65.845955
882,-43.71373,-76.478615
1523,-15.47888,-4.772239
1900,-17.96858,0.16061164
657,-11.731428,12.132536
1752,-9.714474,58.873463
231,-12.369906,9.907668
66,29.229053,-22.704353
1852,-45.614685,39.58699
664,-14.386659,14.146444
1835,-55.599842,-33.28732
289,3.6219316,-54.743656
145,-3.6661003,52.3174
230,-59.900738,-27.14005
1677,-19.548138,15.078941
1511,0.11357176,58.994453
1384,-37.765816,-77.52761
0,59.527225,-9.889093
1640,-56.382027,-29.10872
1377,-9.229296,5.1563296
261,3.1269255,55.96936
1713,16.613298,-18.591526
1454,26.730879,-31.057945
416,-60.96223,-21.060892
1705,-37.706547,-57.486244
1103,2.4847498,-62.387756
458,62.64386,0.7056334
438,61.58154,-9.627138
335,-12.222856,49.63827
894,-15.355251,-3.1066692
493,-5.199099,-53.57108
1469,-7.7469387,3.967396
1436,65.35409,-9.3164425
210,-4.418248,-51.3362
638,-43.628487,-64.0014
1453,-6.585002,-50.445564
822,0.9637134,64.47486
650,25.336018,-23.371561
17,-11.212164,-0.60993207
536,-19.438581,-3.6753385
962,-34.752277,-66.91705
1025,-1.8775218,45.916798
1816,7.2814,-58.43667
1172,-8.647734,-59.157475
1478,2.7284205,63.348938
1215,-7.8659883,-2.6154954
55,-43.318806,21.054956
189,48.64824,51.797905
1791,-19.915974,5.8533645
252,-1.4123552,-63.1742
1888,66.871666,-13.811898
1360,2.0160112,-58.78958
731,-15.9776945,5.0450573
1116,34.074657,6.111158
573,0.8143033,63.129597
1916,40.425545,60.77656
431,35.54185,18.530903
1327,34.52363,28.548277
1313,51.088867,66.45456
388,-45.985504,-75.259865
956,20.86853,-14.609422
674,45.877,60.84778
1243,36.136993,-24.96105
1448,-8.366405,-46.569256
1692,-17.877554,-1.93125
913,-62.950752,-21.872196
1196,32.15415,-29.328875
857,-6.1641498,-42.958885
1212,-14.249838,2.0505476
1683,-11.3191395,-2.448464
1373,-41.543568,-73.35243
611,2.6482155,-53.804752
1941,-4.5345993,-60.1014
424,34.76429,11.200183
1312,36.394894,32.19365
1208,-49.473835,25.627678
326,-46.622047,29.943686
1768,34.882843,11.643941
204,-11.857536,-55.820827
36,-7.642689,-7.006723
375,38.61162,19.61344
1260,-65.47707,-18.221083
1627,39.20621,43.895996
309,51.994278,61.40248
181,38.13114,14.6186495
141,21.797827,20.879604
1605,27.176987,17.553537
773,49.099174,59.594543
675,-11.158338,-49.06833
1075,35.288452,14.373557
1584,33.877693,18.460146
1428,28.846878,27.929785
44,-63.137573,-18.233934
1667,61.666744,-11.018951
1594,-23.629665,3.2392628
1710,62.141075,-17.81846
549,-44.73274,44.83657
442,38.08372,9.684478
1706,44.922897,54.926636
1170,40.172337,21.99704
655,-1.8317231,-57.55516
812,-42.155224,25.54587
1746,53.741306,50.55654
70,-3.8006115,60.633324
1859,38.969715,43.402954
136,-10.449038,-3.5761092
727,24.181208,14.352929
1140,28.837519,22.140285
386,30.638912,29.710094
1198,-4.1539116,62.08234
1058,58.662357,-19.599623
403,58.94427,-12.440993
695,-53.2285,43.79317
974,-6.8672123,46.381485
1634,22.582245,-16.954277
1598,-43.4005,29.750742
1223,37.406624,20.3796
748,-35.84586,-7.106588
959,32.975044,19.166561
545,-14.9140215,49.88785
1421,47.80772,58.740356
393,-44.49807,-21.642654
1096,46.485027,66.02051
1896,26.370766,26.303045
576,26.241064,12.020435
215,13.382038,-36.724995
699,-8.551049,63.927788
1681,-49.992912,30.795553
1132,-1.7894924,-40.040546
1538,33.54376,12.8433485
734,7.7758203,58.866497
637,-47.172108,33.925262
785,-50.452477,-30.998964
635,57.993225,-8.58076
724,15.5074835,-26.128168
449,-12.698061,1.21965
356,-55.80693,32.6855
1033,39.21316,25.14958
390,69.003876,-7.4746757
1747,-41.807163,40.155727
1799,27.647552,11.142462
905,46.69562,46.840454
298,-29.54552,-71.07318
57,-58.919033,-16.485098
178,34.153233,25.606884
1254,-67.74052,-24.059696
1678,-45.44814,29.962934
1544,-48.94204,33.511814
1085,29.60371,-26.986538
1664,6.859083,-50.677082
1387,-22.615627,42.947685
1730,-46.407513,-20.966738
1267,-8.8127365,40.623325
917,19.135187,-35.065323
758,-59.204433,-18.069794
1911,-62.527184,-27.306223
1757,62.092808,-23.176952
1480,58.883827,-1.8943225
174,-51.83593,-23.313454
163,49.206642,-11.628757
587,67.256226,-12.180689
5,-42.068882,29.76724
507,57.41492,-7.834543
1395,50.124092,57.18916
246,66.40786,-22.243752
1007,42.281837,46.426308
1515,25.11031,21.843973
33,-44.77181,33.366898
1760,33.986668,19.674452
902,-38.851425,-76.88196
122,-59.246403,-13.175107
156,-54.50999,-30.299093
171,64.46196,-3.8501701
879,7.8577924,52.27746
158,68.07937,-3.152696
832,33.392654,26.43722
1055,18.979074,14.8788
1949,-1.9972843,44.39544
61,30.576527,14.761305
1077,-63.37672,-20.34655
1893,-4.5346203,47.36156
1307,-45.264767,-20.507347
1242,-48.37109,29.377745
983,24.328375,-12.831743
513,-3.1631641,45.632847
379,64.16176,-11.288107
830,-5.8182592,55.929756
607,26.721447,-17.141909
20,46.319668,56.303303
804,19.93197,27.31632
1365,-60.90828,-23.419294
197,-39.888767,30.172062
1763,5.4826536,-43.3266
1106,-43.38495,34.583683
126,1.3186847,51.20462
444,63.33178,-5.2093263
712,9.660413,-55.65432
1815,30.475637,-26.87098
665,-4.75671,66.71884
988,45.667564,-18.663223
89,-5.7981973,59.45693
920,-37.627163,-63.54981
1442,-1.458657,61.258244
634,-63.25779,-17.555166
364,-58.884937,-30.747355
1197,7.0008945,-60.823742
1155,-1.7571316,62.76952
1189,-27.009317,-66.6998
602,27.605879,25.296354
1698,-54.82193,-9.85029
1135,70.154274,-17.388807
360,21.47486,-29.000761
568,28.21004,-22.346493
1858,58.601097,-16.892902
1696,-29.470444,-69.81233
259,-44.638218,-67.22456
125,24.528934,-20.083796
628,65.27503,-6.9903774
214,-54.051697,29.035967
692,-40.700302,-74.97608
1130,69.44306,-15.293919
516,61.303402,-17.704805
495,23.089436,-28.259766
850,20.42857,-30.524456
1479,-4.5296745,44.002213
1431,65.24364,-20.24361
1277,-58.975777,-20.488594
669,61.90503,-9.234778
794,-36.18977,37.174072
1489,18.125645,-20.224964
1770,-8.527666,47.734753
1614,-8.868616,52.22686
1811,-14.500898,57.092335
1400,-45.296085,-30.29675
1596,-45.680637,-63.74128
1743,-31.708643,-76.08565
1031,-52.946953,-29.118898
1340,-11.8160925,2.4719207
932,8.891731,54.026928
39,48.55774,-11.289847
654,3.3762963,-53.174675
767,-43.841312,-69.40336
1711,-39.949406,-71.02592
871,58.13701,-3.7575042
1832,31.113012,-14.323568
940,18.259338,-14.455959
1620,28.33283,-27.92238
1010,3.5747116,-47.55788
1652,18.627623,25.49943
1422,0.84730124,-45.0072
327,-47.496483,-57.643383
1173,-2.3699722,-38.98844
896,-0.47435877,55.444252
941,9.344362,-50.62963
1110,4.033614,-59.7657
1961,-51.26063,-22.99297
1611,-40.53544,-65.00826
1133,-4.890931,44.60975
58,-10.179602,13.735065
571,5.199518,-49.05819
747,7.803768,-56.955128
805,62.41823,-7.885496
322,-28.943872,-74.30372
620,-44.10697,-73.13864
18,-34.82642,-64.02392
311,-45.462524,-59.584175
1456,23.931515,-10.125778
1621,-3.3622224,-43.12486
1089,53.73572,0.9516455
1093,-29.810972,-77.80669
1483,-12.8279295,-48.635452
624,-19.619514,6.48071
1417,39.3569,9.580936
1249,73.98421,-5.004672
1477,-1.0159712,-52.293797
554,-40.157013,-55.903454
1231,-17.219608,6.4139075
262,-12.125286,0.15723555
935,-14.353791,-5.898292
1599,-4.7635574,60.07407
1702,-14.669019,12.186595
1004,34.192936,-13.886155
86,-26.021202,-1.4372239
1572,-6.79974,-4.0001855
368,38.989887,55.275047
1589,42.67465,65.42405
1625,-8.564048,6.7125688
1180,-6.7549644,60.10904
1947,-36.517345,-72.53694
1423,-17.020376,16.761585
1120,-8.3464,50.495
347,-17.056705,10.903076
124,-4.1783223,-47.945236
946,-14.08676,3.7917252
1950,23.58907,-26.457361
1424,-50.540436,-27.675352
149,-16.434456,54.008408
1193,56.2205,61.850433
1890,45.38335,57.020943
1983,34.26061,13.12076
7,-56.74324,-23.025936
555,-3.690667,-51.749172
1368,43.288383,21.375555
1224,47.22813,49.234222
901,44.628284,47.103466
482,-5.7239013,6.743061
1461,-47.561146,-75.28592
1068,-44.052715,-71.9225
1264,-13.520491,8.489001
1192,-66.11019,-25.406977
599,-57.68515,-25.854618
906,45.801956,51.916523
1880,51.42274,68.5985
1402,-54.375553,-22.815372
1439,30.244446,20.665081
1555,-47.359215,-22.203627
992,50.511913,55.483883
511,24.567728,26.769154
1059,-3.4738843,-52.496857
1619,31.803024,23.495619
733,-52.613552,-27.718538
1645,34.024117,7.62595
341,-1.0931417,57.12788
451,-14.181939,-56.50131
1219,43.637703,52.233505
435,-53.658836,-15.312034
719,34.202854,21.665174
176,-7.628571,5.310073
521,-48.40541,-23.648172
1394,-55.7683,-19.939878
835,-50.63388,40.194134
1796,36.80006,12.512357
1432,26.426584,10.494889
1792,-41.504913,-67.6957
99,42.353645,68.68612
1191,35.22793,16.751139
1154,-50.8999,34.345665
1623,-45.835567,37.01013
685,-56.50305,29.098003
1764,32.326035,28.509325
319,-40.44468,37.298855
1547,31.144518,22.582865
803,-41.399227,31.738924
1613,-46.667004,25.702776
908,-53.665897,36.28351
800,-49.453712,39.4535
580,-62.606373,-25.092396
15,-53.77441,-24.311043
34,37.302876,7.846817
895,66.73944,-0.71309614
833,46.465687,60.01093
1411,55.702915,49.929993
374,-42.49159,-75.495224
71,-0.8082916,52.023617
581,-7.562832,-38.864162
1979,19.742214,-24.89824
1213,31.279907,23.38085
358,13.193518,-24.243439
1041,52.870502,62.961117
1446,-64.84635,-30.003893
883,2.2914882,59.005764
1968,20.320492,14.7504425
1062,51.600018,65.08262
437,27.332226,-16.125502
1957,51.44884,59.186653
1157,-59.473534,-29.708742
723,-55.875763,-18.293324
1493,57.876083,-12.545818
1051,-41.589363,-77.069046
194,70.53806,-11.346794
861,-63.20028,-32.207943
1865,6.6328406,-42.846794
1146,5.6179895,-52.596195
1990,-33.47445,32.25031
1942,37.014267,16.997786
886,52.12438,44.523937
32,-61.51282,-31.087465
525,-31.83595,-4.6993523
691,-55.250492,22.6131
1571,-34.064827,39.478935
1787,-0.3796395,44.513813
1362,-44.90582,25.52207
1817,-38.9098,33.052067
563,37.333405,23.04587
266,-12.785295,49.58538
234,-54.415558,36.798077
80,-19.434862,-9.508396
1615,20.902065,-9.692906
558,54.86406,52.479843
1386,52.975296,65.36386
994,25.351444,17.476212
132,20.318365,-11.853921
1002,72.157166,-7.255054
663,-57.279957,32.26522
1032,-41.689415,44.860516
1919,-39.98748,34.307407
709,-5.6072884,-54.145256
3,29.820429,12.892043
159,23.967047,29.406567
1977,39.99555,36.97851
1765,-57.982613,-28.316038
1098,46.664417,47.4209
926,-68.23139,-19.286499
1966,-28.900896,43.901268
708,-40.621128,-76.65593
1943,7.6204414,-54.328724
1682,27.924309,9.076811
829,57.072914,-14.62941
866,39.94242,23.49788
725,23.169365,25.825562
481,35.297817,7.232316
1569,-6.206067,57.44159
1970,-38.69335,37.42007
876,-53.96913,-19.771915
1274,55.980045,59.70846
928,51.51067,50.868484
900,-47.645153,-65.77964
1597,25.194132,-12.867649
1937,-39.195293,36.26563
610,20.585566,-26.540741
1687,54.042664,-9.446203
1647,-56.96536,-16.603815
139,-47.26403,25.940632
757,50.789955,61.553402
143,2.550632,58.27332
807,55.249622,52.97717
1870,-36.359753,23.970543
778,32.629784,9.524631
1904,23.192286,23.221233
809,64.73527,-6.605959
488,-50.538586,38.110992
923,-31.615366,33.445072
302,5.960681,-54.3124
1090,-5.5575614,40.98405
1973,15.989165,-26.41069
784,-67.48545,-18.081882
999,-36.326694,42.16744
1651,-40.825,-70.09466
1341,-21.237427,-7.637888
1761,26.03701,-15.673331
1585,-48.368267,20.440773
1393,69.76397,-9.606216
577,-48.266075,-17.11498
1505,-10.274561,50.069874
526,-6.1230965,3.0164585
1126,65.75217,-12.490819
1697,-51.040054,-25.900793
1319,5.854626,-50.84597
1680,3.0467598,43.919403
188,-56.92067,-32.292255
779,-37.89193,-64.05687
1451,35.28427,26.271109
1965,25.192528,-9.126339
97,-13.069598,-54.60826
391,37.83774,53.659664
1113,32.050713,-26.458727
1995,-62.430595,-17.177597
1908,-0.19932081,58.412045
867,-17.69356,50.6458
72,60.85828,-4.5772824
1258,70.1856,-8.629263
588,-39.247704,-78.464424
1257,-61.7192,-23.827394
232,0.31074238,45.771305
1924,59.83684,-19.5885
1295,-64.818794,-18.509108
1821,5.070469,53.68207
425,-58.766186,-33.527313
1115,32.610268,18.337616
1703,-52.544094,28.335493
1142,-34.14116,-79.00431
897,-49.148342,42.404175
898,0.551807,63.550148
729,53.14714,-6.36789
1101,20.887383,15.752164
771,4.6770706,-41.474117
503,-6.8138347,-43.021713
1078,5.5902123,-50.716454
955,24.091541,-23.407326
1043,-4.7398896,56.613346
652,-33.129574,-72.74907
1771,-22.736193,1.9404753
290,-47.473557,40.87755
702,-47.165104,-67.85369
1139,-10.282266,2.9154427
1039,-42.53937,-69.619606
1463,31.349613,-20.558426
239,9.000935,-53.272938
475,-32.187077,-4.8975573
1447,-23.56835,-0.30882367
1182,-45.530308,-61.479317
1629,-40.59736,-62.45486
1190,1.9136693,50.8821
1121,0.49090174,-55.554493
1482,-28.431202,-77.08524
918,22.228176,-27.742533
1981,21.581497,-24.411558
541,20.560202,-17.866795
1772,0.83724624,-51.083935
8,29.189882,-24.793278
1724,-21.958324,-63.788033
1988,60.180103,-8.055839
989,-34.53149,-61.61911
613,70.19929,-7.3442674
640,4.4531345,-59.82517
422,-38.90888,-55.925735
915,-0.96242565,47.73352
1320,64.4313,-10.104212
756,74.43939,-6.7667146
621,43.748875,60.536396
514,-20.702776,-3.1907399
1354,12.293865,-20.708492
94,-12.095908,46.7678
1609,-5.836502,-50.340225
591,-19.326855,2.1299825
1519,7.9908733,49.420074
412,-60.735878,-19.162317
1348,-5.5232143,10.745799
1342,-0.20316619,-50.331844
1412,34.36705,-12.346226
604,-5.457124,-42.952824
1263,25.879862,-27.619839
1776,-12.349326,-63.842552
1945,-25.376925,-0.19368988
191,42.991375,26.56661
325,-39.435272,-67.23741
1946,-23.098354,-5.712651
1930,4.4328647,-43.5382
636,-12.348487,-45.803017
1003,-39.00501,-79.50474
1975,0.88421184,-47.94883
235,1.8712115,-52.45136
980,-48.49034,-62.287212
276,-42.69542,-68.09201
1723,17.59332,-15.42074
1742,-20.440292,-0.97105163
1986,4.0177064,-49.042023
1913,28.159607,-20.113487
65,-34.026943,-61.37241
1578,-15.026438,-6.5963106
1548,-5.045487,-59.53209
329,9.351294,-19.079624
755,30.01236,19.311157
1266,43.230213,57.973473
965,21.466927,28.131882
45,-35.52816,-75.79978
283,4.362067,-54.64419
1766,-3.834639,6.35547
88,-17.005877,9.499249
854,50.04078,47.74495
227,-7.993732,-1.0478601
237,58.035614,55.686806
948,44.088528,35.03337
1388,-31.735588,-64.71345
1385,24.793373,-24.962112
1736,-58.096786,-18.43399
1497,23.933277,-30.160692
546,30.78165,9.406475
1601,29.538397,-16.23076
106,-56.91105,36.06818
868,37.819378,27.737314
1217,40.29054,11.720737
1323,-33.248188,26.702198
1701,-34.896233,28.012302
1954,18.722347,-25.038614
200,-37.41398,-75.08955
1296,40.08097,59.32841
680,-1.3367219,-57.189774
359,48.640015,56.771084
1311,-5.95266,44.119926
1798,-50.132553,-15.182111
361,-6.9610786,8.420212
1998,-46.909813,18.615929
1923,58.15044,51.021812
131,-9.433371,9.590396
846,-14.607774,-2.034065
367,39.892097,36.722683
661,-33.252728,34.148876
1733,-39.154263,-81.13604
1737,-8.319287,-50.33381
1728,41.01859,24.032385
385,21.88064,10.01081
288,-5.0123086,46.12719
641,-57.925076,-19.30025
1899,49.031292,48.769016
363,42.075413,52.369095
1403,42.541496,27.553295
1244,-0.06409577,41.43734
1185,23.700436,27.73852
858,-46.08982,45.99923
1876,-55.684235,-21.76653
11,2.9745505,58.632465
305,33.933693,60.30117
1129,56.275276,-9.950667
836,-49.79455,26.08047
240,50.27799,58.85356
154,54.57997,59.988384
1989,39.599308,52.17669
1426,46.28041,55.79456
1237,38.62005,26.853117
443,31.913172,20.139166
247,-48.530483,32.865433
743,-13.756031,57.48336
1873,45.352406,14.068866
1433,17.463236,-13.621541
1542,43.805412,54.18029
193,67.90006,-16.547543
245,-50.59424,44.29344
1846,28.749043,19.073818
1869,-64.93092,-21.559711
301,5.374038,54.830303
1854,50.710205,52.919357
473,-40.285892,32.994423
179,40.25181,17.463993
1131,-40.902275,21.969452
796,41.22867,19.784998
1997,-67.69158,-21.741116
1406,-51.41011,-12.432876
823,25.479902,13.127099
1665,-15.726603,-8.202753
1653,-47.11858,-74.43806
91,22.855446,19.62381
248,12.97778,-37.205437
405,12.499514,-22.496445
1685,-64.252625,-25.606281
137,-11.101282,60.523922
1465,60.40712,-21.704937
1506,39.273525,48.06382
462,73.12907,-16.634459
1186,-1.3359808,56.0409
155,5.510242,49.699055
376,-34.682957,31.859636
505,-2.242161,-44.00684
1839,-35.177822,40.80669
350,-43.891792,43.03521
649,31.85437,24.362947
1788,55.217236,-10.020047
1577,67.832214,-15.930245
814,0.711494,53.92029
1234,-49.436146,-33.10602
165,-35.49317,29.02856
1054,-60.41844,-12.544732
1279,-44.30098,26.819279
1063,-51.289867,-34.740147
396,3.4246082,57.404385
1383,-11.861084,45.3383
138,37.30535,-14.148496
1830,67.97371,-19.822432
600,52.49404,68.49051
1159,74.349846,-13.520539
1554,-61.31532,-14.409165
949,-7.0551167,56.953293
1174,-50.467487,-25.958662
601,29.698866,-22.839148
984,38.719223,22.037603
849,-47.94262,-68.99907
1607,-40.947983,36.16815
1813,54.228428,-10.088659
538,15.075274,-16.900698
296,41.690254,59.29528
1715,22.001234,-14.42621
407,4.726426,45.986668
1202,-61.77813,-21.00601
1872,53.55349,47.481438
1540,36.370136,-21.76508
627,62.692978,-15.005484
668,70.372795,-5.6887984
1184,-7.0047436,2.0100045
792,-56.901295,-15.291218
717,6.7291713,60.378983
1889,-41.83773,-62.925694
937,8.007776,-53.83773
383,2.425708,-55.826237
255,50.037983,55.889828
979,25.478344,-8.713447
43,-47.434696,27.523724
175,33.685627,-23.342438
153,63.668804,2.1062512
202,18.225113,-6.6517997
651,-2.2703571,51.263397
291,-54.614964,-32.503754
1755,-0.6295717,-50.809425
775,50.01071,63.205826
967,-10.299674,-1.5588547
1557,27.742,-14.6624565
170,-43.954987,-74.4814
2,10.732768,-46.651833
1532,-46.677753,-65.868935
1294,35.66681,24.023766
457,-40.711086,-64.28462
62,-7.4173894,-44.97606
1415,26.46576,-20.947529
63,2.2908242,-45.477882
911,38.57465,58.618053
910,-50.72111,-21.487913
1922,30.706566,2.1009486
111,27.485964,28.617731
1247,-18.726084,9.368378
772,-46.40802,31.154068
1587,-6.788609,-58.273014
1936,20.259426,-8.096888
1048,32.701614,-24.488955
253,10.271916,-42.795044
1458,57.323235,2.1104531
598,30.73202,-22.74827
1849,26.383097,-12.137281
1459,-36.70926,-66.15392
557,-12.494786,55.245132
467,-34.38597,-70.34983
1794,-61.890724,-13.2691555
1344,39.991524,22.395117
221,25.212032,-15.225059
31,-55.06997,-12.719431
1845,-12.72168,-64.01664
1744,-2.6085448,58.661537
1251,52.953465,-16.282316
1343,-10.814609,16.020113
1370,-0.38297343,-41.72882
1561,-17.366463,-3.931677
292,7.8535132,-55.0003
1530,-37.945118,-77.98118
1809,7.55692,-47.38702
978,67.59295,-5.670896
1558,8.410803,-49.505337
1636,61.558105,-14.653786
762,53.713516,-13.93597
459,-59.32074,-31.564224
1435,27.442316,-10.465224
1537,-67.02797,-26.258215
1967,31.828312,-30.202885
550,-8.7489195,-0.8477262
1094,-6.459799,-57.149002
1378,-11.712563,-52.981068
469,-7.94954,66.40993
1014,-40.820293,39.362637
1375,-3.6244178,1.6147368
92,0.19868527,47.28268
1513,-4.2773166,-48.992275
1299,-43.08656,-62.882397
157,37.66109,-19.13315
1285,22.191683,-21.882456
1837,-29.235506,43.6987
1915,16.84917,-24.184103
48,18.464407,-21.17116
681,3.488455,-57.404747
1361,-55.602974,-24.39216
208,-43.97423,-64.98771
993,-15.643591,3.6713567
1060,2.9057548,-56.88001
1427,-6.2246246,9.339242
1735,28.016344,-30.047749
921,-7.631908,-57.285725
119,61.37786,-7.608615
1808,3.8033738,-57.284134
222,-2.6270168,-47.010323
345,-12.173235,-6.5390306
1071,-46.38115,21.275753
1233,-44.175613,-60.325974
1847,-5.8255634,-62.66261
1305,-1.2966175,63.72729
432,-11.76133,-52.129303
880,-21.020348,5.6213646
1455,3.4106345,-54.212967
1871,-22.214987,13.659352
1774,12.295416,-10.67925
1239,-45.612267,-24.883701
1897,-36.4089,-55.526703
216,2.152873,62.280872
331,-43.482433,-80.18834
260,-39.266026,-66.143616
498,0.41191736,-55.099396
1235,54.547848,-8.199829
1339,-19.734735,11.4831505
447,-29.76669,-64.64244
1660,-10.4675865,50.578228
1381,-12.078345,-7.8215265
1016,-3.886754,-63.213017
1725,-10.078331,62.42099
1633,-20.862091,-4.1666784
1840,-22.272463,6.7675447
1818,24.21087,-33.21633
1467,-11.998446,-1.7735258
623,1.559673,-50.403473
226,-10.175514,-7.0145307
218,24.238247,-17.15406
1276,-9.651901,49.866806
120,-43.72082,-68.61893
300,14.732026,-14.799786
690,24.347948,-21.76785
1801,21.103203,-19.99265
1353,22.767204,-26.540113
323,-2.1534069,-3.6131473
1112,-21.110964,8.097055
1175,-31.587341,-65.494
1670,21.178617,-21.745407
213,-38.401634,-68.06852
220,41.570503,62.404907
873,-6.3058305,-0.7704289
129,-37.63475,-73.70845
736,-18.72023,-1.2279743
1037,37.888344,15.686718
53,-14.836422,-9.583499
52,-17.911467,9.829794
355,38.812508,63.704872
842,57.41657,54.561302
353,-51.120724,-18.931976
615,13.002646,13.398854
1863,-17.53084,3.6480381
49,-12.493053,2.9619782
586,-0.97108436,-47.843636
1825,23.093681,16.8322
559,23.996775,25.837381
1228,51.649532,50.520527
1119,-49.97311,-17.771425
1994,22.798018,15.572943
454,-55.15201,-20.632399
1960,-33.80777,-69.10329
423,-38.89664,-72.37381
1992,-51.528446,23.950293
1261,-50.109562,31.525576
112,-48.15657,35.787304
1659,-48.585003,34.51621
667,-23.110388,7.616299
958,-35.18698,34.48801
1334,-47.41221,41.487545
1833,-33.63271,29.265142
1330,48.22719,45.054306
1866,50.422676,41.392593
453,37.879513,63.27364
1964,42.7319,28.32749
83,26.084167,21.007017
1207,55.675217,58.99497
1000,-37.127068,-66.301605
763,25.53911,21.348768
267,29.78229,24.810366
354,-44.81397,43.851875
1250,-43.81257,46.002995
1061,50.70451,47.93367
209,-69.58366,-24.314125
1750,46.751297,53.225185
474,-52.34961,23.214722
752,47.614204,69.1844
789,24.667973,20.098862
1248,33.84978,21.380367
787,-35.308308,-6.736682
777,-31.012577,31.058304
1029,-1.20799,42.434975
1460,-48.37089,37.909225
1485,-0.8916942,43.626274
670,30.955368,18.458572
269,-1.6884704,48.29838
1398,38.732044,65.89667
1795,-5.3368654,50.691387
912,44.27173,63.96209
1199,20.593899,26.37065
1887,-50.904995,25.267765
1443,-62.017834,-32.251854
1006,-43.324036,32.549347
1856,-57.045757,37.516235
1229,54.110863,66.67048
150,20.48276,20.652655
1925,37.258877,66.86694
1282,-63.447617,-14.64965
1579,-55.952225,-35.741177
1036,39.09982,53.19328
238,63.110657,1.9294723
1781,38.671646,51.52885
1038,-36.367653,-63.469437
1151,-55.632748,24.291428
35,20.402533,25.875975
1338,-47.708195,-28.009884
1178,63.84004,-2.0483594
1397,-46.61163,-15.873036
1472,-52.370823,-20.115917
1495,26.543476,17.719934
1712,16.801685,18.239046
1510,73.8459,-12.32256
986,-60.189774,-33.009575
1042,40.40419,18.428232
1056,-12.765694,60.625202
953,52.83177,-9.242811
1232,-57.388317,-21.15309
813,31.415188,16.583784
28,0.7310634,44.825127
506,-56.424335,-35.058308
160,35.968315,20.159414
1637,19.112196,-11.53672
872,31.37605,27.889727
186,-48.956722,-22.989922
479,58.467094,60.2415
1473,-39.54477,27.071245
273,2.0396266,-42.550335
1662,-42.087902,36.55368
572,71.876785,-15.796073
75,15.602548,-21.758253
711,-51.40885,37.29707
373,-6.54367,48.087196
508,49.070377,46.011646
1030,-64.89132,-19.165077
1953,-47.20899,-17.15752
167,55.040318,62.44971
1901,-10.605738,-54.081665
1560,48.57402,62.521473
4,38.521645,7.0456424
242,6.173251,47.074306
811,6.4810834,49.999187
510,-11.180526,57.914368
295,-62.627525,-13.7499695
306,4.167367,42.01252
297,32.556423,27.424564
1520,2.5109851,55.51905
1583,-56.249958,-23.669128
647,-64.57884,-31.275177
382,-1.3916427,41.91288
26,-51.930607,-31.182417
1920,25.804007,-19.587557
1575,69.06566,-14.4155855
660,28.252708,-20.133284
1626,48.43389,56.10072
1663,-51.948574,-32.10645
1654,-38.122128,38.179768
357,59.65576,1.250537
874,44.674175,16.039175
1081,72.939926,-8.502592
1,-56.714077,-15.991427
1066,-12.509129,58.05456
67,6.982817,-53.17049
1488,-40.54748,42.8343
676,26.251009,29.269585
314,-51.54282,33.292725
480,58.409218,-15.538965
697,69.091095,-13.637554
693,12.848025,13.339569
1593,-56.677296,35.160652
990,56.430874,-8.087312
299,-8.818883,57.453186
653,68.48932,-5.6982074
279,-52.767223,-21.049643
1097,16.7482,-12.561532
1622,-33.99,38.34037
1749,-1.9693877,-54.408558
869,67.18848,-3.3132782
713,-49.204502,28.416838
1450,67.209335,-18.568752
1722,-9.123846,8.44912
1567,-10.527589,54.353344
1409,50.316574,45.919388
742,-32.139366,29.56357
1643,55.22476,-4.948923
875,3.3901558,48.419975
694,33.633747,-20.567627
257,52.179234,58.3005
105,0.10497419,-46.196598
1382,5.8328567,-55.68512
1310,1.2951938,52.768402
1885,-37.332954,30.979992
384,-10.103605,-54.89757
537,20.040686,-23.952606
1522,-2.3273964,50.75053
1123,-25.84044,-7.6298537
127,-24.055414,-2.166064
1934,-41.044197,-69.805244
77,-14.412183,59.245457
1346,20.76664,-17.212555
1758,-57.127098,28.404043
1117,44.677284,7.4959455
639,62.81175,-1.3667027
544,1.438336,-48.400505
1318,37.234356,30.06938
1179,-17.916447,0.09546076
1963,57.445496,-22.233067
862,-43.188694,26.253395
468,9.095288,-44.470837
249,57.457146,-6.110617
1714,-16.620564,13.258546
844,-3.782744,-42.660095
619,-55.68319,38.238
1805,36.24264,60.357094
37,-10.124727,-63.28263
123,32.56549,13.2193165
328,71.43235,-5.100929
1535,-11.379211,54.157898
377,-5.5268583,-63.406544
349,32.99961,-18.812166
1590,28.854746,8.401025
40,12.983018,-21.505297
863,-6.9690404,62.103664
184,0.58923054,-42.32159
1300,-11.755499,61.3444
1134,-31.115868,37.945583
797,21.371588,-23.398523
1604,28.265514,-12.22279
223,31.077263,-16.75108
1819,-45.19594,-25.87793
1321,-52.389404,-34.41964
865,-8.772376,54.999733
1509,42.071655,55.304882
1546,62.15447,-4.7867513
1882,-9.962372,49.114998
195,-58.20038,-21.185726
1366,3.236129,-51.22211
409,-9.591454,62.207455
1262,-45.0499,-60.346508
1606,-1.3858492,-46.773315
244,-48.43633,-28.265703
342,54.29268,-14.991822
487,-59.619667,-21.760427
1820,23.150934,-25.690493
1566,-34.034824,-66.989204
95,16.12821,-28.980764
1137,-23.537539,0.41391456
334,-11.499833,-49.702187
1539,14.433941,-24.552923
1376,15.3422165,-15.646981
162,1.0842123,55.274773
1932,-44.775658,41.757946
1331,-48.400513,27.36182
522,19.569918,-13.724426
144,-6.3436794,-54.500134
1278,-7.3469505,-46.960243
1128,-44.78603,-75.35994
369,-59.253468,-25.19602
321,17.94764,-7.471395
440,-30.420937,-63.389942
916,-35.34654,-71.77307
121,70.52977,-3.2484953
518,-41.745518,-78.092735
470,-9.605364,-5.466594
1471,-15.360548,-53.38928
219,-22.347103,-7.608634
1786,70.468956,-4.6144376
705,-1.6605184,-56.08601
529,65.75217,-15.577095
1894,20.342316,-19.711983
47,-46.47407,-73.121994
996,14.249548,-28.340208
1864,29.792534,-18.253979
1498,29.785566,-16.990652
1109,-22.98543,7.2871056
1491,-6.6194134,-47.691357
1359,64.59227,-7.8999825
1065,-8.080408,-52.62206
271,25.229479,-16.136889
1420,-3.0378172,-49.556484
1867,60.881893,-9.734824
489,-23.631927,-7.138344
683,-30.351265,-74.40491
452,54.56856,55.66431
1084,-10.008876,9.944635
1618,26.109737,-21.192907
1630,-33.524372,-61.096893
556,45.554035,68.28104
1504,43.714607,64.9072
441,50.22809,51.769855
887,43.8234,24.082504
211,-44.158535,30.1122
1974,41.009125,68.14407
1070,44.635014,60.545708
884,37.7738,56.0049
1754,44.249382,51.846844
925,-40.15821,-67.817245
1955,-42.199467,-72.50811
1148,42.895615,22.195957
308,50.042213,68.45578
362,38.541096,59.307915
950,40.775204,56.28284
436,40.655178,66.87626
1910,-9.053948,54.15777
1624,-5.16451,53.863674
1324,-54.49003,37.557785
1719,45.220383,69.43395
225,-6.035141,52.151257
166,48.632095,63.492413
1221,57.693195,62.794685
820,34.694508,14.252984
907,-44.824074,24.609806
1474,42.90251,59.747944
1691,41.92831,28.204561
595,-32.743988,34.953236
1156,-5.621817,50.45325
1503,56.21285,47.358555
1201,38.668644,25.911163
1153,-37.44278,29.637133
1289,-4.7535963,52.15669
1332,31.808756,31.883543
398,-4.854705,51.10985
542,22.13209,13.497278
1814,-49.754242,41.027264
567,27.205553,-15.25386
1756,-57.10779,-28.3492
1824,36.763405,63.345413
1018,38.972034,11.81832
1035,40.405003,58.024895
1807,58.754116,-22.564436
1429,43.589443,14.072997
1238,-49.167435,-18.04893
1500,37.603313,19.903381
263,58.49295,59.310738
1769,-39.5252,37.279354
1287,-61.78465,-25.258701
1246,-54.54511,-26.327192
102,56.92987,50.271217
881,-65.82705,-29.401741
1045,64.541885,-3.7680004
1017,3.9519877,51.377594
1067,-55.521088,-12.160546
939,39.52056,14.710569
751,-65.49493,-15.4461975
1336,45.999416,62.61026
1297,59.55574,-6.03287
41,-53.280212,-15.899257
455,30.658484,11.662751
109,-9.183617,60.778656
578,29.992664,-11.782557
16,-44.19467,29.249443
1778,31.541891,21.367231
59,-46.887413,32.70484
135,51.596287,46.535744
502,43.757565,22.471575
878,-58.541386,-17.659437
10,-56.215363,35.56728
1214,60.61016,-20.340008
1357,34.65453,21.452063
172,69.86038,-2.4799778
1222,37.890892,12.683377
574,-51.589333,44.185726
1921,-38.03023,19.881847
460,-42.5041,45.636543
1829,8.2037735,59.20417
346,-12.488963,57.3414
130,-32.922787,-71.59607
1918,51.562546,4.5695333
180,-32.49394,-60.30202
408,29.350904,20.527426
1868,72.03646,-7.9332356
831,58.20565,61.92378
1049,-64.707504,-19.84711
870,36.280945,29.306326
1114,24.700132,13.441696
1012,48.466736,67.47311
1600,45.887962,48.4243
1141,-0.9001273,-53.15589
224,56.248077,-14.027226
710,-21.088963,-59.67257
596,-53.71053,-26.572575
645,-55.762856,-17.748726
1595,-10.420157,53.068943
1255,-52.34781,41.179924
914,18.997702,-35.30301
1358,3.3800766,47.690666
1861,73.91575,-14.410854
118,-33.984444,35.892258
250,-34.02829,-72.61575
1240,47.32981,43.71516
56,16.152594,-17.109604
1638,-52.226852,-35.956142
1280,34.795784,15.281335
788,-47.673615,-57.363678
1091,3.1036,-44.000637
608,-6.0768776,64.382256
51,-35.746063,25.720348
1317,22.114592,-15.997169
1959,-43.53961,-70.67319
972,-65.00554,-22.278812
728,-9.352435,2.5023897
606,27.038675,9.75387
1145,-40.333214,40.613132
684,-44.955364,-22.964333
1230,-61.164177,-19.8045
1690,-36.038483,-62.001724
1826,-19.885489,7.862967
859,-49.10204,-70.54314
1407,-32.053223,-67.48395
243,-54.49726,27.109901
380,19.775387,-10.843963
1225,-42.891968,22.590338
228,-56.121445,-11.22026
1226,-2.516714,40.3642
1971,30.806095,2.4196348
1069,-46.66794,38.749554
1414,62.760437,-20.016983
233,22.309217,-14.558969
1841,-37.962376,31.954302
152,18.720127,-18.484081
1270,-29.122414,-63.478077
1608,3.969834,60.93147
1828,-47.384914,-62.324097
631,-34.15693,-74.710815
1391,-42.27363,-66.43511
593,66.12787,-10.511549
1095,-7.1388144,65.800026
1396,53.082424,-7.3940263
161,-42.09298,28.9603
1812,-28.12302,-67.82555
1419,-60.227795,-26.2169
1304,-11.108083,2.9592872
1449,71.56166,-14.820007
1944,27.644836,-30.573006
1218,-32.026028,-75.57043
446,-46.45597,-23.454636
512,-10.483705,0.8562868
1661,-56.608467,-34.840065
548,-3.1284866,0.14504866
1753,33.570034,60.323357
1076,-14.258931,-43.956867
1508,-6.5431848,63.058517
1738,29.874779,-10.326683
1543,28.693731,-10.111837
817,18.904285,-12.021698
1649,6.6187625,-45.7413
1524,-26.000816,-58.53142
205,5.284866,61.008747
909,-8.726096,2.1821282
1650,-63.272106,-12.946466
1337,25.928469,-26.657532
1086,-1.5110221,-50.127846
1958,-44.683655,22.86153
419,-49.090015,-71.06154
399,-20.537737,-5.187725
1527,0.61348903,-54.232883
114,19.973331,-21.616566
839,-29.350185,-65.6678
735,-6.9194818,-57.673546
1144,-35.894897,-70.54852
644,2.2981129,-48.662315
73,-6.8032126,0.88433427
465,-37.37263,-73.83973
284,-27.451357,2.0199845
934,-29.368706,-67.979004
1914,6.51948,-59.96571
584,-53.226765,-21.771753
1438,24.728594,16.808048
1166,-54.83955,39.42304
1883,45.907757,61.825283
1806,43.363525,25.445292
1881,-54.285786,40.567913
287,51.546,53.03084
765,23.51957,16.202751
826,-43.814354,23.544495
1581,38.568104,10.095925
609,53.93139,55.684082
519,42.946033,62.887226
1392,33.155396,24.052332
1948,-66.67515,-26.068193
1245,-42.394115,38.924965
672,-47.228226,45.529827
1879,-46.9713,-22.820627
976,-49.954296,-24.283766
1187,2.8635263,51.292927
768,-10.181564,43.80803
1272,36.689884,30.76372
1731,43.048725,55.727085
589,-56.650734,-10.955409
1782,-42.045273,36.97015
1907,19.537027,19.441992
1762,-11.180538,52.931393
492,-62.48025,-26.154032
1929,72.57952,-10.656888
1777,57.534924,64.23554
524,-50.513268,-14.043059
484,-49.004692,45.1404
1026,29.051306,19.381731
750,-48.89447,25.74812
421,-5.7261853,45.09505
496,54.38451,48.55884
1486,48.198864,68.841156
1704,-30.012947,-72.3415
903,44.104893,15.711333
1150,-50.08813,-15.887802
1803,-55.44563,27.372051
706,29.281113,17.70687
370,3.0385377,60.762398
1718,46.260357,69.215004
410,19.476551,-30.969852
340,31.322815,-23.646017
1676,-3.613499,57.95996
1842,-47.226433,20.97569
182,-25.75028,3.5240815
760,-52.554935,44.207973
855,31.083448,16.342922
564,-11.29832,-7.7963867
1380,-62.342113,-32.34362
517,29.77952,26.098171
1470,-12.8261175,11.299767
1210,-66.42571,-14.04787
1441,28.621407,13.99181
38,-6.2017107,42.879955
919,15.813181,-19.437866
1253,-50.088505,-20.104803
1445,20.61064,29.08779
1617,26.849018,22.519152
1273,-40.336037,44.16361
774,35.42694,24.366407
592,4.6105747,-48.96402
551,38.257637,57.765312
995,-11.824634,-5.857498
312,-57.09569,-23.735317
1127,0.5998044,-60.824757
13,-66.47575,-28.685127
924,-51.45937,42.159138
168,-5.904844,-52.27473
530,21.110268,-25.542173
320,-28.60133,11.272903
463,7.8660917,53.26338
1283,47.578,52.549507
1298,-8.287624,53.355434
1940,46.087933,47.147266
1693,3.2554884,42.593563
1165,73.38903,-9.062985
294,37.818718,49.199837
1565,-65.89632,-15.851222
1143,-68.160095,-19.813187
646,-63.339836,-12.077218
659,32.78267,-27.40621
1533,4.643299,50.307823
1118,43.272823,62.525166
461,-18.620512,2.9933486
1745,5.9190073,-59.271843
1984,-13.0845375,61.250706
759,6.6773834,-41.81304
1050,66.26787,-19.128271
93,-17.216917,-5.03105
722,-10.918485,5.5712304
392,25.900723,-17.389015
1671,-10.823667,15.131662
703,-32.641098,-78.00104
316,-19.246014,11.193778
1430,-16.94221,54.436066
494,16.70437,-23.266592
597,-44.601067,35.9972
1322,-46.663185,-74.62338
1102,12.214371,-14.0899935
1804,-15.170657,-10.330505
616,31.449366,-29.714338
1673,48.561993,67.39852
964,-9.157127,-7.213936
605,-35.35296,-65.3923
1019,21.66797,-19.199663
818,-31.382505,30.117054
968,-26.57668,-65.31792
888,-13.390351,6.970458
101,-37.139706,-58.188007
1991,-8.105699,52.76725
1935,51.72676,4.3797426
1748,-23.594706,-4.493847
841,-45.01411,35.76169
963,-25.06469,0.9222939
472,-1.9441638,60.42022
741,-34.36345,-74.73807
1188,-5.4916863,6.8258696
730,1.7767285,-56.80578
532,-38.71448,-64.32228
633,-19.480165,5.07163
893,-0.6424326,-44.60111
951,25.701097,-27.198244
464,-10.887023,9.267004
1993,15.775894,-28.938557
128,-42.434536,-67.586
1903,-44.8629,-72.665146
565,-14.793645,9.729109
827,-53.78725,-23.366638
1005,43.042183,13.76163
203,-14.273867,0.8009005
877,-67.34644,-21.083267
404,57.664253,56.306126
1316,45.1221,58.144375
561,37.54661,15.292461
187,28.652983,24.856884
1020,45.199978,46.49328
1167,43.307972,69.159164
471,-42.081135,24.608
1632,56.213963,65.13365
643,56.919743,64.744675
1797,5.9839206,46.152824
68,-58.505394,-25.22773
1490,-52.172287,36.78877
864,71.86157,-10.98209
1657,-47.778507,46.73433
1734,-50.383797,-28.535992
1044,-10.180966,44.45759
1938,-2.0123158,-38.70284
1972,55.674793,-13.170095
671,72.18355,-16.495378
1639,-44.43798,-22.450146
594,56.47494,-12.785179
332,45.354733,-18.753838
1147,-6.2393975,65.20909
1499,-10.13292,56.60235
848,73.51416,-14.093078
1290,1.2721174,50.646072
1507,39.008167,48.325443
1898,-35.06784,32.14162
466,30.764713,31.189043
1034,9.30741,54.165775
280,-37.727642,44.852127
1926,26.841331,26.84991
837,20.316656,10.265798
21,-47.81931,37.38096
318,-22.752031,2.9651535
14,9.008839,-49.787212
1902,26.50254,-25.606808
543,24.421293,-29.425367
1177,19.709553,20.451038
1452,61.822285,1.7082462
1220,32.114754,30.538969
1073,-38.809822,-63.954754
1531,33.190716,24.22692
1855,-28.157385,-68.61218
786,-35.89119,26.841644
892,-8.461479,60.940086
286,44.15732,19.996101
1345,-33.37803,-69.34253
1694,-30.32456,-73.54107
582,60.323654,-2.4365594
1675,6.8899493,-46.4119
642,59.84148,-2.144956
1789,27.710415,9.03928
426,-36.183327,36.299427
843,45.0802,63.29437
700,-7.1157303,-46.275913
98,15.863316,-12.7651615
782,32.740864,-23.784569
413,-14.551755,-56.713455
834,7.626832,-43.68123
1100,-14.796695,58.27731
1642,48.593967,53.619175
1349,-36.2929,-78.90411
629,-5.3298736,-63.0415
1721,21.937513,-30.362843
500,25.00968,29.220602
1850,65.35558,-10.327898
1369,67.6827,-8.06924
107,-42.91551,33.252872
798,-47.795544,-33.66458
977,-16.065802,-5.5171
394,-26.86972,-70.96043
1862,23.561045,-23.825676
315,-28.812183,-61.978683
264,66.000015,-14.338001
1390,-49.40278,29.23119
891,74.77543,-7.0121365
1996,-9.297649,-41.562542
485,-23.101723,-7.1237183
199,28.301691,28.340168
590,41.07977,66.36384
922,-46.68927,-17.958591
819,52.696484,62.124645
307,31.423063,9.381443
1205,-42.746887,39.246593
151,53.800568,65.74864
265,67.67924,-0.065030225
74,-51.33669,42.781067
1351,36.711716,55.945217
1836,50.54436,68.49709
1080,-32.23909,-71.37417
540,-38.13862,32.751415
927,41.68906,19.951807
769,-56.277267,32.091724
1732,-39.769524,33.710377
971,45.90796,52.89557
1672,-8.654606,-57.79897
1831,60.400055,-21.205519
1104,-54.37704,-14.6136
1074,15.793454,-12.149036
1015,-47.661232,-64.352745
1329,41.547215,56.244118
1372,-22.80199,42.853718
632,-7.717593,-59.024303
439,27.04371,-5.9737387
1729,-26.345377,0.7906604
944,62.69419,-23.36461
1844,60.606316,1.1463228
1484,-20.215374,2.3366942
1413,-43.622963,-77.04555
1306,-59.34406,-30.703327
491,-46.949703,-68.42547
761,-52.59008,29.333956
821,61.68624,-20.162865
744,57.153404,-3.5306175
689,-14.189053,-6.6585474
799,-43.88667,42.24333
673,32.386227,31.404331
547,56.03713,-18.881977
1204,56.31315,59.06795
1021,-48.86189,-62.06534
1269,-59.498524,-33.106842
108,5.082748,54.46944
434,62.892975,-15.672339
1462,0.8942193,-62.388332
1927,-5.429263,56.137085
1851,-54.625946,40.10987
